case_id,relevant_chunk_ids,retrieved_chunk_ids,scores,latency_ms,repetition,precision_at_k,recall_at_k,reciprocal_rank,ndcg_at_k
EQ-HR-001,['POL-HR-001:1.0:SEC-003:CHK-001'],"['POL-HR-001:1.0:SEC-003:CHK-001', 'POL-HR-001:1.0:SEC-005:CHK-001', 'POL-HR-001:1.0:SEC-006:CHK-001', 'POL-HR-001:1.0:SEC-004:CHK-001', 'POL-HR-001:1.0:SEC-001:CHK-001']","[0.8333334, 0.8333334, 0.35, 0.31111112, 0.29761904]",13.370411999858334,1,0.2,1.0,1.0,1.0
EQ-HR-002,['POL-HR-001:1.0:SEC-004:CHK-001'],"['POL-HR-001:1.0:SEC-004:CHK-001', 'POL-HR-001:1.0:SEC-005:CHK-001', 'POL-HR-001:1.0:SEC-003:CHK-001', 'POL-HR-002:1.0:SEC-004:CHK-001', 'POL-HR-001:1.0:SEC-007:CHK-001']","[0.8333334, 0.7, 0.4047619, 0.30555555, 0.3]",13.449511000089842,1,0.2,1.0,1.0,1.0
EQ-HR-003,['POL-HR-001:1.0:SEC-005:CHK-001'],"['POL-HR-001:1.0:SEC-005:CHK-001', 'POL-HR-001:1.0:SEC-011:CHK-001', 'POL-HR-001:1.0:SEC-009:CHK-001', 'POL-HR-001:1.0:SEC-003:CHK-001', 'POL-HR-001:1.0:SEC-007:CHK-001']","[0.8333334, 0.5588235, 0.45, 0.45, 0.42424244]",13.250311999854603,1,0.2,1.0,1.0,1.0
EQ-HR-004,['POL-HR-001:1.0:SEC-006:CHK-001'],"['POL-HR-001:1.0:SEC-006:CHK-001', 'POL-FIN-001:2.0:SEC-005:CHK-001', 'POL-HR-001:1.0:SEC-007:CHK-001', 'POL-HR-001:1.0:SEC-003:CHK-001', 'POL-HR-001:1.0:SEC-005:CHK-001']","[1.0, 0.42424244, 0.41025642, 0.39285713, 0.3611111]",13.86621199981164,1,0.2,1.0,1.0,1.0
EQ-HR-005,['POL-HR-001:1.0:SEC-007:CHK-001'],"['POL-HR-001:1.0:SEC-007:CHK-001', 'POL-SEC-001:1.0:SEC-004:CHK-001', 'POL-SEC-001:1.0:SEC-002:CHK-001', 'POL-HR-001:1.0:SEC-003:CHK-001', 'POL-HR-002:1.0:SEC-006:CHK-001']","[1.0, 0.45833334, 0.39285713, 0.33333334, 0.33333334]",14.49191299980157,1,0.2,1.0,1.0,1.0
EQ-HR-006,['POL-HR-001:1.0:SEC-008:CHK-001'],"['POL-HR-001:1.0:SEC-008:CHK-001', 'POL-HR-001:1.0:SEC-007:CHK-001', 'POL-HR-001:1.0:SEC-003:CHK-001', 'POL-HR-001:1.0:SEC-005:CHK-001', 'POL-HR-002:1.0:SEC-006:CHK-001']","[1.0, 0.53333336, 0.4166667, 0.41025642, 0.3125]",14.63361200012514,1,0.2,1.0,1.0,1.0
EQ-LEAVE-001,['POL-HR-002:1.0:SEC-002:CHK-001'],"['POL-HR-002:1.0:SEC-002:CHK-001', 'POL-HR-002:1.0:SEC-003:CHK-001', 'POL-HR-001:1.0:SEC-005:CHK-001', 'POL-HR-002:1.0:SEC-001:CHK-001', 'POL-HR-001:1.0:SEC-002:CHK-001']","[1.0, 0.39215687, 0.39215687, 0.36666667, 0.35]",14.962813000238384,1,0.2,1.0,1.0,1.0
EQ-LEAVE-002,['POL-HR-002:1.0:SEC-003:CHK-001'],"['POL-HR-002:1.0:SEC-003:CHK-001', 'POL-HR-002:1.0:SEC-006:CHK-001', 'POL-HR-002:1.0:SEC-004:CHK-001', 'POL-HR-001:1.0:SEC-005:CHK-001', 'POL-HR-002:1.0:SEC-002:CHK-001']","[0.75, 0.7, 0.43333334, 0.4047619, 0.28846154]",14.736513000116247,1,0.2,1.0,1.0,1.0
EQ-LEAVE-003,['POL-HR-002:1.0:SEC-004:CHK-001'],"['POL-HR-002:1.0:SEC-004:CHK-001', 'POL-HR-002:1.0:SEC-007:CHK-001', 'POL-HR-001:1.0:SEC-005:CHK-001', 'POL-HR-002:1.0:SEC-006:CHK-001', 'POL-HR-002:1.0:SEC-003:CHK-001']","[1.0, 0.39285713, 0.375, 0.375, 0.36666667]",12.91241099988838,1,0.2,1.0,1.0,1.0
EQ-LEAVE-004,['POL-HR-002:1.0:SEC-005:CHK-001'],"['POL-HR-002:1.0:SEC-005:CHK-001', 'POL-HR-001:1.0:SEC-007:CHK-001', 'POL-FIN-001:2.0:SEC-006:CHK-001', 'POL-HR-001:1.0:SEC-005:CHK-001', 'POL-HR-002:1.0:SEC-006:CHK-001']","[0.8333334, 0.54347825, 0.35964912, 0.32692307, 0.32142857]",13.228111999978864,1,0.2,1.0,1.0,1.0
EQ-LEAVE-005,['POL-HR-002:1.0:SEC-006:CHK-001'],"['POL-HR-002:1.0:SEC-006:CHK-001', 'POL-HR-002:1.0:SEC-003:CHK-001', 'POL-HR-001:1.0:SEC-003:CHK-001', 'POL-HR-002:1.0:SEC-004:CHK-001', 'POL-HR-002:1.0:SEC-005:CHK-001']","[1.0, 0.5, 0.4166667, 0.38596493, 0.33333334]",14.280112000051304,1,0.2,1.0,1.0,1.0
EQ-LEAVE-006,['POL-HR-002:1.0:SEC-007:CHK-001'],"['POL-HR-002:1.0:SEC-006:CHK-001', 'POL-HR-002:1.0:SEC-007:CHK-001', 'POL-HR-002:1.0:SEC-003:CHK-001', 'POL-HR-002:1.0:SEC-001:CHK-001', 'POL-FIN-001:2.0:SEC-003:CHK-001']","[0.75, 0.75, 0.43333334, 0.4, 0.35714287]",53.95554699998684,1,0.2,1.0,0.5,0.6309297535714575
EQ-TRAVEL-2025-001,['POL-FIN-001:1.0:SEC-003:CHK-001'],"['POL-FIN-001:1.0:SEC-003:CHK-001', 'POL-FIN-001:1.0:SEC-002:CHK-001', 'POL-FIN-001:1.0:SEC-001:CHK-001', 'POL-FIN-001:1.0:SEC-006:CHK-001', 'POL-FIN-001:1.0:SEC-005:CHK-001']","[0.8333334, 0.75, 0.53333336, 0.45, 0.30952382]",59.319150999726844,1,0.2,1.0,1.0,1.0
EQ-TRAVEL-2025-002,['POL-FIN-001:1.0:SEC-004:CHK-001'],"['POL-FIN-001:1.0:SEC-004:CHK-001', 'POL-FIN-001:1.0:SEC-003:CHK-001', 'POL-FIN-001:1.0:SEC-001:CHK-001', 'POL-FIN-001:1.0:SEC-007:CHK-001', 'POL-FIN-001:1.0:SEC-006:CHK-001']","[1.0, 0.4761905, 0.4166667, 0.375, 0.36666667]",56.07964900036677,1,0.2,1.0,1.0,1.0
EQ-TRAVEL-2025-003,['POL-FIN-001:1.0:SEC-005:CHK-001'],"['POL-FIN-001:1.0:SEC-005:CHK-001', 'POL-FIN-001:1.0:SEC-003:CHK-001', 'POL-FIN-001:1.0:SEC-001:CHK-001', 'POL-FIN-001:1.0:SEC-002:CHK-001', 'POL-FIN-001:1.0:SEC-004:CHK-001']","[1.0, 0.53333336, 0.4761905, 0.4166667, 0.375]",55.986348999795155,1,0.2,1.0,1.0,1.0
EQ-TRAVEL-2025-004,['POL-FIN-001:1.0:SEC-006:CHK-001'],"['POL-FIN-001:1.0:SEC-006:CHK-001', 'POL-FIN-001:1.0:SEC-001:CHK-001', 'POL-FIN-001:1.0:SEC-007:CHK-001', 'POL-FIN-001:1.0:SEC-005:CHK-001', 'POL-FIN-001:1.0:SEC-002:CHK-001']","[1.0, 0.5, 0.45833334, 0.45, 0.39285713]",55.84894800040274,1,0.2,1.0,1.0,1.0
EQ-TRAVEL-2026-001,['POL-FIN-001:2.0:SEC-002:CHK-001'],"['POL-FIN-001:2.0:SEC-002:CHK-001', 'POL-HR-001:1.0:SEC-005:CHK-001', 'POL-FIN-001:2.0:SEC-003:CHK-001', 'POL-FIN-001:2.0:SEC-007:CHK-001', 'POL-HR-001:1.0:SEC-007:CHK-001']","[0.8333334, 0.5714286, 0.4761905, 0.33333334, 0.28333333]",13.331011999980547,1,0.2,1.0,1.0,1.0
EQ-TRAVEL-2026-002,['POL-FIN-001:2.0:SEC-003:CHK-001'],"['POL-FIN-001:2.0:SEC-003:CHK-001', 'POL-HR-002:1.0:SEC-007:CHK-001', 'POL-FIN-001:2.0:SEC-002:CHK-001', 'POL-FIN-001:2.0:SEC-006:CHK-001', 'POL-FIN-001:2.0:SEC-007:CHK-001']","[1.0, 0.6666667, 0.375, 0.36666667, 0.325]",54.83574700019744,1,0.2,1.0,1.0,1.0
EQ-TRAVEL-2026-003,['POL-FIN-001:2.0:SEC-004:CHK-001'],"['POL-FIN-001:2.0:SEC-004:CHK-001', 'POL-HR-001:1.0:SEC-005:CHK-001', 'POL-FIN-001:2.0:SEC-003:CHK-001', 'POL-FIN-001:2.0:SEC-005:CHK-001', 'POL-COMP-001:1.0:SEC-002:CHK-001']","[1.0, 0.3703704, 0.36666667, 0.33333334, 0.2857143]",17.944315999557148,1,0.2,1.0,1.0,1.0
EQ-TRAVEL-2026-004,['POL-FIN-001:2.0:SEC-005:CHK-001'],"['POL-FIN-001:2.0:SEC-005:CHK-001', 'POL-HR-001:1.0:SEC-005:CHK-001', 'POL-FIN-001:2.0:SEC-004:CHK-001', 'POL-FIN-001:2.0:SEC-002:CHK-001', 'POL-HR-001:1.0:SEC-007:CHK-001']","[0.5625, 0.53333336, 0.44444445, 0.4166667, 0.36904764]",13.245511000150145,1,0.2,1.0,1.0,1.0
EQ-TRAVEL-2026-005,['POL-FIN-001:2.0:SEC-006:CHK-001'],"['POL-FIN-001:2.0:SEC-006:CHK-001', 'POL-HR-001:1.0:SEC-005:CHK-001', 'POL-HR-001:1.0:SEC-006:CHK-001', 'POL-PROC-001:1.0:SEC-002:CHK-001', 'POL-HR-001:1.0:SEC-003:CHK-001']","[0.64285713, 0.53846157, 0.44444445, 0.33333334, 0.27222222]",13.431012000182818,1,0.2,1.0,1.0,1.0
EQ-TRAVEL-2026-006,['POL-FIN-001:2.0:SEC-007:CHK-001'],"['POL-FIN-001:2.0:SEC-007:CHK-001', 'POL-HR-002:1.0:SEC-006:CHK-001', 'POL-FIN-001:2.0:SEC-003:CHK-001', 'POL-PROC-001:1.0:SEC-007:CHK-001', 'POL-HR-001:1.0:SEC-010:CHK-001']","[1.0, 0.44444445, 0.39285713, 0.39215687, 0.325]",14.393912000286946,1,0.2,1.0,1.0,1.0
EQ-SEC-001,['POL-SEC-001:1.0:SEC-002:CHK-001'],"['POL-SEC-001:1.0:SEC-002:CHK-001', 'POL-SEC-001:1.0:SEC-006:CHK-001', 'POL-SEC-001:1.0:SEC-004:CHK-001', 'POL-SEC-001:1.0:SEC-001:CHK-001', 'POL-SEC-001:1.0:SEC-005:CHK-001']","[1.0, 0.53333336, 0.53333336, 0.5, 0.30952382]",12.887812000371923,1,0.2,1.0,1.0,1.0
EQ-SEC-002,['POL-SEC-001:1.0:SEC-003:CHK-001'],"['POL-SEC-001:1.0:SEC-003:CHK-001', 'POL-SEC-001:1.0:SEC-006:CHK-001', 'POL-SEC-001:1.0:SEC-004:CHK-001', 'POL-SEC-001:1.0:SEC-002:CHK-001', 'POL-SEC-001:1.0:SEC-007:CHK-001']","[1.0, 0.5, 0.33333334, 0.25, 0.2]",55.71144799978356,1,0.2,1.0,1.0,1.0
EQ-SEC-003,['POL-SEC-001:1.0:SEC-004:CHK-001'],"['POL-SEC-001:1.0:SEC-002:CHK-001', 'POL-SEC-001:1.0:SEC-004:CHK-001', 'POL-SEC-001:1.0:SEC-003:CHK-001', 'POL-SEC-001:1.0:SEC-006:CHK-001', 'POL-SEC-001:1.0:SEC-001:CHK-001']","[0.8333334, 0.8333334, 0.45, 0.45, 0.2916667]",59.96605200016347,1,0.2,1.0,0.5,0.6309297535714575
EQ-SEC-004,['POL-SEC-001:1.0:SEC-005:CHK-001'],"['POL-SEC-001:1.0:SEC-005:CHK-001', 'POL-SEC-001:1.0:SEC-004:CHK-001', 'POL-SEC-001:1.0:SEC-002:CHK-001', 'POL-SEC-001:1.0:SEC-007:CHK-001', 'POL-SEC-001:1.0:SEC-006:CHK-001']","[1.0, 0.53333336, 0.5, 0.45, 0.4166667]",55.996848000177124,1,0.2,1.0,1.0,1.0
EQ-SEC-005,['POL-SEC-001:1.0:SEC-006:CHK-001'],"['POL-SEC-001:1.0:SEC-006:CHK-001', 'POL-SEC-001:1.0:SEC-004:CHK-001', 'POL-SEC-001:1.0:SEC-003:CHK-001', 'POL-SEC-001:1.0:SEC-002:CHK-001', 'POL-SEC-001:1.0:SEC-001:CHK-001']","[1.0, 0.5833334, 0.5, 0.39285713, 0.325]",56.153949000417924,1,0.2,1.0,1.0,1.0
EQ-SEC-006,['POL-SEC-001:1.0:SEC-007:CHK-001'],"['POL-SEC-001:1.0:SEC-003:CHK-001', 'POL-SEC-001:1.0:SEC-007:CHK-001', 'POL-SEC-001:1.0:SEC-004:CHK-001', 'POL-SEC-001:1.0:SEC-002:CHK-001', 'POL-SEC-001:1.0:SEC-001:CHK-001']","[0.8333334, 0.8333334, 0.4, 0.375, 0.375]",55.90404900021895,1,0.2,1.0,0.5,0.6309297535714575
EQ-IT-001,['POL-IT-001:1.0:SEC-002:CHK-001'],"['POL-IT-001:1.0:SEC-002:CHK-001', 'POL-IT-001:1.0:SEC-006:CHK-001', 'POL-IT-001:1.0:SEC-001:CHK-001', 'POL-IT-001:1.0:SEC-007:CHK-001', 'POL-IT-001:1.0:SEC-003:CHK-001']","[1.0, 0.5833334, 0.53333336, 0.4166667, 0.325]",55.78674800017325,1,0.2,1.0,1.0,1.0
EQ-IT-002,['POL-IT-001:1.0:SEC-003:CHK-001'],"['POL-IT-001:1.0:SEC-003:CHK-001', 'POL-IT-001:1.0:SEC-005:CHK-001', 'POL-IT-001:1.0:SEC-004:CHK-001', 'POL-IT-001:1.0:SEC-006:CHK-001', 'POL-IT-001:1.0:SEC-002:CHK-001']","[0.8333334, 0.75, 0.45, 0.36666667, 0.33333334]",56.19304899983035,1,0.2,1.0,1.0,1.0
EQ-IT-003,['POL-IT-001:1.0:SEC-004:CHK-001'],"['POL-IT-001:1.0:SEC-005:CHK-001', 'POL-IT-001:1.0:SEC-004:CHK-001', 'POL-IT-001:1.0:SEC-003:CHK-001', 'POL-IT-001:1.0:SEC-002:CHK-001', 'POL-IT-001:1.0:SEC-007:CHK-001']","[0.8333334, 0.8333334, 0.4, 0.39285713, 0.375]",55.87244800017288,1,0.2,1.0,0.5,0.6309297535714575
EQ-IT-004,['POL-IT-001:1.0:SEC-005:CHK-001'],"['POL-IT-001:1.0:SEC-005:CHK-001', 'POL-IT-001:1.0:SEC-006:CHK-001', 'POL-IT-001:1.0:SEC-003:CHK-001', 'POL-IT-001:1.0:SEC-007:CHK-001', 'POL-IT-001:1.0:SEC-004:CHK-001']","[1.0, 0.53333336, 0.5, 0.375, 0.36666667]",56.104548999883264,1,0.2,1.0,1.0,1.0
EQ-IT-005,['POL-IT-001:1.0:SEC-006:CHK-001'],"['POL-IT-001:1.0:SEC-006:CHK-001', 'POL-IT-001:1.0:SEC-001:CHK-001', 'POL-IT-001:1.0:SEC-002:CHK-001', 'POL-IT-001:1.0:SEC-005:CHK-001', 'POL-IT-001:1.0:SEC-004:CHK-001']","[1.0, 0.53333336, 0.5, 0.4761905, 0.34285715]",59.78555199999391,1,0.2,1.0,1.0,1.0
EQ-IT-006,['POL-IT-001:1.0:SEC-007:CHK-001'],"['POL-IT-001:1.0:SEC-007:CHK-001', 'POL-IT-001:1.0:SEC-005:CHK-001', 'POL-IT-001:1.0:SEC-001:CHK-001', 'POL-IT-001:1.0:SEC-006:CHK-001', 'POL-IT-001:1.0:SEC-002:CHK-001']","[1.0, 0.4761905, 0.4761905, 0.4166667, 0.375]",56.039248000161024,1,0.2,1.0,1.0,1.0
EQ-PROC-001,['POL-PROC-001:1.0:SEC-002:CHK-001'],"['POL-PROC-001:1.0:SEC-007:CHK-001', 'POL-PROC-001:1.0:SEC-002:CHK-001', 'POL-PROC-001:1.0:SEC-003:CHK-001', 'POL-PROC-001:1.0:SEC-004:CHK-001', 'POL-PROC-001:1.0:SEC-001:CHK-001']","[0.7, 0.625, 0.53333336, 0.5, 0.39285713]",55.73504900030457,1,0.2,1.0,0.5,0.6309297535714575
EQ-PROC-002,['POL-PROC-001:1.0:SEC-003:CHK-001'],"['POL-PROC-001:1.0:SEC-003:CHK-001', 'POL-PROC-001:1.0:SEC-006:CHK-001', 'POL-PROC-001:1.0:SEC-007:CHK-001', 'POL-PROC-001:1.0:SEC-002:CHK-001', 'POL-PROC-001:1.0:SEC-004:CHK-001']","[1.0, 0.5833334, 0.53333336, 0.375, 0.33333334]",56.10854800033849,1,0.2,1.0,1.0,1.0
EQ-PROC-003,['POL-PROC-001:1.0:SEC-004:CHK-001'],"['POL-PROC-001:1.0:SEC-004:CHK-001', 'POL-PROC-001:1.0:SEC-005:CHK-001', 'POL-PROC-001:1.0:SEC-003:CHK-001', 'POL-PROC-001:1.0:SEC-001:CHK-001', 'POL-PROC-001:1.0:SEC-006:CHK-001']","[0.8333334, 0.8333334, 0.4, 0.39285713, 0.375]",55.989849000070535,1,0.2,1.0,1.0,1.0
EQ-PROC-004,['POL-PROC-001:1.0:SEC-005:CHK-001'],"['POL-PROC-001:1.0:SEC-005:CHK-001', 'POL-PROC-001:1.0:SEC-006:CHK-001', 'POL-PROC-001:1.0:SEC-004:CHK-001', 'POL-PROC-001:1.0:SEC-007:CHK-001', 'POL-PROC-001:1.0:SEC-003:CHK-001']","[0.8333334, 0.64285713, 0.53333336, 0.5, 0.36666667]",60.10375200003182,1,0.2,1.0,1.0,1.0
EQ-PROC-005,['POL-PROC-001:1.0:SEC-006:CHK-001'],"['POL-PROC-001:1.0:SEC-006:CHK-001', 'POL-PROC-001:1.0:SEC-007:CHK-001', 'POL-PROC-001:1.0:SEC-005:CHK-001', 'POL-PROC-001:1.0:SEC-003:CHK-001', 'POL-PROC-001:1.0:SEC-004:CHK-001']","[1.0, 0.5833334, 0.45833334, 0.4166667, 0.34285715]",55.68954800037318,1,0.2,1.0,1.0,1.0
EQ-PROC-006,['POL-PROC-001:1.0:SEC-007:CHK-001'],"['POL-PROC-001:1.0:SEC-007:CHK-001', 'POL-PROC-001:1.0:SEC-006:CHK-001', 'POL-PROC-001:1.0:SEC-003:CHK-001', 'POL-PROC-001:1.0:SEC-005:CHK-001', 'POL-PROC-001:1.0:SEC-002:CHK-001']","[1.0, 0.53333336, 0.45, 0.375, 0.33333334]",56.30804899965369,1,0.2,1.0,1.0,1.0
EQ-LEGAL-001,['POL-LEG-001:1.0:SEC-002:CHK-001'],"['POL-LEG-001:1.0:SEC-002:CHK-001', 'POL-LEG-001:1.0:SEC-005:CHK-001', 'POL-LEG-001:1.0:SEC-007:CHK-001', 'POL-LEG-001:1.0:SEC-001:CHK-001', 'POL-LEG-001:1.0:SEC-003:CHK-001']","[1.0, 0.5833334, 0.45833334, 0.39285713, 0.36666667]",55.452948000038305,1,0.2,1.0,1.0,1.0
EQ-LEGAL-002,['POL-LEG-001:1.0:SEC-003:CHK-001'],"['POL-LEG-001:1.0:SEC-003:CHK-001', 'POL-LEG-001:1.0:SEC-004:CHK-001', 'POL-LEG-001:1.0:SEC-001:CHK-001', 'POL-LEG-001:1.0:SEC-002:CHK-001', 'POL-LEG-001:1.0:SEC-007:CHK-001']","[1.0, 0.5833334, 0.53333336, 0.4166667, 0.325]",56.11664900015967,1,0.2,1.0,1.0,1.0
EQ-LEGAL-003,['POL-LEG-001:1.0:SEC-004:CHK-001'],"['POL-LEG-001:1.0:SEC-004:CHK-001', 'POL-LEG-001:1.0:SEC-003:CHK-001', 'POL-LEG-001:1.0:SEC-006:CHK-001', 'POL-LEG-001:1.0:SEC-002:CHK-001', 'POL-LEG-001:1.0:SEC-001:CHK-001']","[1.0, 0.6666667, 0.45, 0.45, 0.30952382]",55.919147999702545,1,0.2,1.0,1.0,1.0
EQ-LEGAL-004,['POL-LEG-001:1.0:SEC-005:CHK-001'],"['POL-LEG-001:1.0:SEC-005:CHK-001', 'POL-LEG-001:1.0:SEC-007:CHK-001', 'POL-LEG-001:1.0:SEC-002:CHK-001', 'POL-LEG-001:1.0:SEC-003:CHK-001', 'POL-LEG-001:1.0:SEC-006:CHK-001']","[1.0, 0.53333336, 0.45, 0.4166667, 0.33333334]",55.77474900019297,1,0.2,1.0,1.0,1.0
EQ-LEGAL-005,['POL-LEG-001:1.0:SEC-006:CHK-001'],"['POL-LEG-001:1.0:SEC-006:CHK-001', 'POL-LEG-001:1.0:SEC-007:CHK-001', 'POL-LEG-001:1.0:SEC-003:CHK-001', 'POL-LEG-001:1.0:SEC-002:CHK-001', 'POL-LEG-001:1.0:SEC-001:CHK-001']","[1.0, 0.5, 0.4761905, 0.4, 0.39285713]",56.15734799994243,1,0.2,1.0,1.0,1.0
EQ-LEGAL-006,['POL-LEG-001:1.0:SEC-007:CHK-001'],"['POL-LEG-001:1.0:SEC-007:CHK-001', 'POL-LEG-001:1.0:SEC-002:CHK-001', 'POL-LEG-001:1.0:SEC-005:CHK-001', 'POL-LEG-001:1.0:SEC-004:CHK-001', 'POL-LEG-001:1.0:SEC-003:CHK-001']","[1.0, 0.5833334, 0.5833334, 0.34285715, 0.325]",55.82404899996618,1,0.2,1.0,1.0,1.0
EQ-COMP-001,['POL-COMP-001:1.0:SEC-002:CHK-001'],"['POL-COMP-001:1.0:SEC-002:CHK-001', 'POL-COMP-001:1.0:SEC-005:CHK-001', 'POL-COMP-001:1.0:SEC-004:CHK-001', 'POL-COMP-001:1.0:SEC-001:CHK-001', 'POL-COMP-001:1.0:SEC-003:CHK-001']","[1.0, 0.6666667, 0.45, 0.4166667, 0.325]",60.17595200000869,1,0.2,1.0,1.0,1.0
EQ-COMP-002,['POL-COMP-001:1.0:SEC-003:CHK-001'],"['POL-COMP-001:1.0:SEC-003:CHK-001', 'POL-COMP-001:1.0:SEC-005:CHK-001', 'POL-COMP-001:1.0:SEC-002:CHK-001', 'POL-COMP-001:1.0:SEC-004:CHK-001', 'POL-COMP-001:1.0:SEC-007:CHK-001']","[0.8333334, 0.7, 0.5, 0.4761905, 0.34285715]",55.7086479998361,1,0.2,1.0,1.0,1.0
EQ-COMP-003,['POL-COMP-001:1.0:SEC-004:CHK-001'],"['POL-COMP-001:1.0:SEC-004:CHK-001', 'POL-COMP-001:1.0:SEC-002:CHK-001', 'POL-COMP-001:1.0:SEC-003:CHK-001', 'POL-COMP-001:1.0:SEC-006:CHK-001', 'POL-COMP-001:1.0:SEC-005:CHK-001']","[1.0, 0.5833334, 0.53333336, 0.325, 0.25]",56.07764900014445,1,0.2,1.0,1.0,1.0
EQ-COMP-004,['POL-COMP-001:1.0:SEC-005:CHK-001'],"['POL-COMP-001:1.0:SEC-005:CHK-001', 'POL-COMP-001:1.0:SEC-004:CHK-001', 'POL-COMP-001:1.0:SEC-007:CHK-001', 'POL-COMP-001:1.0:SEC-006:CHK-001', 'POL-COMP-001:1.0:SEC-003:CHK-001']","[1.0, 0.53333336, 0.45833334, 0.4166667, 0.375]",56.179349000103684,1,0.2,1.0,1.0,1.0
EQ-COMP-005,['POL-COMP-001:1.0:SEC-006:CHK-001'],"['POL-COMP-001:1.0:SEC-006:CHK-001', 'POL-COMP-001:1.0:SEC-007:CHK-001', 'POL-COMP-001:1.0:SEC-005:CHK-001', 'POL-COMP-001:1.0:SEC-004:CHK-001', 'POL-COMP-001:1.0:SEC-001:CHK-001']","[1.0, 0.53333336, 0.4761905, 0.4166667, 0.375]",55.90504800011331,1,0.2,1.0,1.0,1.0
EQ-COMP-006,['POL-COMP-001:1.0:SEC-007:CHK-001'],"['POL-COMP-001:1.0:SEC-007:CHK-001', 'POL-COMP-001:1.0:SEC-006:CHK-001', 'POL-COMP-001:1.0:SEC-004:CHK-001', 'POL-COMP-001:1.0:SEC-005:CHK-001', 'POL-COMP-001:1.0:SEC-002:CHK-001']","[1.0, 0.5, 0.5, 0.45, 0.39285713]",61.92005399998379,1,0.2,1.0,1.0,1.0
EQ-HR-001,['POL-HR-001:1.0:SEC-003:CHK-001'],"['POL-HR-001:1.0:SEC-005:CHK-001', 'POL-HR-001:1.0:SEC-003:CHK-001', 'POL-HR-001:1.0:SEC-006:CHK-001', 'POL-HR-001:1.0:SEC-004:CHK-001', 'POL-HR-001:1.0:SEC-001:CHK-001']","[0.8333334, 0.8333334, 0.35, 0.31111112, 0.29761904]",16.53941400036274,2,0.2,1.0,0.5,0.6309297535714575
EQ-HR-002,['POL-HR-001:1.0:SEC-004:CHK-001'],"['POL-HR-001:1.0:SEC-004:CHK-001', 'POL-HR-001:1.0:SEC-005:CHK-001', 'POL-HR-001:1.0:SEC-003:CHK-001', 'POL-HR-002:1.0:SEC-004:CHK-001', 'POL-HR-001:1.0:SEC-007:CHK-001']","[0.8333334, 0.7, 0.4047619, 0.30555555, 0.3]",13.051311000253918,2,0.2,1.0,1.0,1.0
EQ-HR-003,['POL-HR-001:1.0:SEC-005:CHK-001'],"['POL-HR-001:1.0:SEC-005:CHK-001', 'POL-HR-001:1.0:SEC-011:CHK-001', 'POL-HR-001:1.0:SEC-009:CHK-001', 'POL-HR-001:1.0:SEC-003:CHK-001', 'POL-HR-001:1.0:SEC-007:CHK-001']","[0.8333334, 0.5588235, 0.45, 0.45, 0.42424244]",12.763211000219599,2,0.2,1.0,1.0,1.0
EQ-HR-004,['POL-HR-001:1.0:SEC-006:CHK-001'],"['POL-HR-001:1.0:SEC-006:CHK-001', 'POL-FIN-001:2.0:SEC-005:CHK-001', 'POL-HR-001:1.0:SEC-007:CHK-001', 'POL-HR-001:1.0:SEC-003:CHK-001', 'POL-HR-001:1.0:SEC-005:CHK-001']","[1.0, 0.42424244, 0.41025642, 0.39285713, 0.3611111]",13.038911000421649,2,0.2,1.0,1.0,1.0
EQ-HR-005,['POL-HR-001:1.0:SEC-007:CHK-001'],"['POL-HR-001:1.0:SEC-007:CHK-001', 'POL-SEC-001:1.0:SEC-004:CHK-001', 'POL-SEC-001:1.0:SEC-002:CHK-001', 'POL-HR-002:1.0:SEC-006:CHK-001', 'POL-HR-001:1.0:SEC-003:CHK-001']","[1.0, 0.45833334, 0.39285713, 0.33333334, 0.33333334]",13.23681200028659,2,0.2,1.0,1.0,1.0
EQ-HR-006,['POL-HR-001:1.0:SEC-008:CHK-001'],"['POL-HR-001:1.0:SEC-008:CHK-001', 'POL-HR-001:1.0:SEC-007:CHK-001', 'POL-HR-001:1.0:SEC-003:CHK-001', 'POL-HR-001:1.0:SEC-005:CHK-001', 'POL-HR-002:1.0:SEC-006:CHK-001']","[1.0, 0.53333336, 0.4166667, 0.41025642, 0.3125]",14.699611999731133,2,0.2,1.0,1.0,1.0
EQ-LEAVE-001,['POL-HR-002:1.0:SEC-002:CHK-001'],"['POL-HR-002:1.0:SEC-002:CHK-001', 'POL-HR-002:1.0:SEC-003:CHK-001', 'POL-HR-001:1.0:SEC-005:CHK-001', 'POL-HR-002:1.0:SEC-001:CHK-001', 'POL-HR-001:1.0:SEC-002:CHK-001']","[1.0, 0.39215687, 0.39215687, 0.36666667, 0.35]",13.774610999917059,2,0.2,1.0,1.0,1.0
EQ-LEAVE-002,['POL-HR-002:1.0:SEC-003:CHK-001'],"['POL-HR-002:1.0:SEC-003:CHK-001', 'POL-HR-002:1.0:SEC-006:CHK-001', 'POL-HR-002:1.0:SEC-004:CHK-001', 'POL-HR-001:1.0:SEC-005:CHK-001', 'POL-HR-002:1.0:SEC-002:CHK-001']","[0.75, 0.7, 0.43333334, 0.4047619, 0.28846154]",12.854811999659432,2,0.2,1.0,1.0,1.0
EQ-LEAVE-003,['POL-HR-002:1.0:SEC-004:CHK-001'],"['POL-HR-002:1.0:SEC-004:CHK-001', 'POL-HR-002:1.0:SEC-007:CHK-001', 'POL-HR-002:1.0:SEC-006:CHK-001', 'POL-HR-001:1.0:SEC-005:CHK-001', 'POL-HR-002:1.0:SEC-003:CHK-001']","[1.0, 0.39285713, 0.375, 0.375, 0.36666667]",13.115910999658809,2,0.2,1.0,1.0,1.0
EQ-LEAVE-004,['POL-HR-002:1.0:SEC-005:CHK-001'],"['POL-HR-002:1.0:SEC-005:CHK-001', 'POL-HR-001:1.0:SEC-007:CHK-001', 'POL-FIN-001:2.0:SEC-006:CHK-001', 'POL-HR-001:1.0:SEC-005:CHK-001', 'POL-HR-002:1.0:SEC-006:CHK-001']","[0.8333334, 0.54347825, 0.35964912, 0.32692307, 0.32142857]",13.114310999753798,2,0.2,1.0,1.0,1.0
EQ-LEAVE-005,['POL-HR-002:1.0:SEC-006:CHK-001'],"['POL-HR-002:1.0:SEC-006:CHK-001', 'POL-HR-002:1.0:SEC-003:CHK-001', 'POL-HR-001:1.0:SEC-003:CHK-001', 'POL-HR-002:1.0:SEC-004:CHK-001', 'POL-HR-002:1.0:SEC-005:CHK-001']","[1.0, 0.5, 0.4166667, 0.38596493, 0.33333334]",12.91341200021634,2,0.2,1.0,1.0,1.0
EQ-LEAVE-006,['POL-HR-002:1.0:SEC-007:CHK-001'],"['POL-HR-002:1.0:SEC-007:CHK-001', 'POL-HR-002:1.0:SEC-006:CHK-001', 'POL-HR-002:1.0:SEC-003:CHK-001', 'POL-HR-002:1.0:SEC-001:CHK-001', 'POL-FIN-001:2.0:SEC-003:CHK-001']","[0.75, 0.75, 0.43333334, 0.4, 0.35714287]",55.86154799993892,2,0.2,1.0,1.0,1.0
EQ-TRAVEL-2025-001,['POL-FIN-001:1.0:SEC-003:CHK-001'],"['POL-FIN-001:1.0:SEC-003:CHK-001', 'POL-FIN-001:1.0:SEC-002:CHK-001', 'POL-FIN-001:1.0:SEC-001:CHK-001', 'POL-FIN-001:1.0:SEC-006:CHK-001', 'POL-FIN-001:1.0:SEC-005:CHK-001']","[0.8333334, 0.75, 0.53333336, 0.45, 0.30952382]",56.06754900009037,2,0.2,1.0,1.0,1.0
EQ-TRAVEL-2025-002,['POL-FIN-001:1.0:SEC-004:CHK-001'],"['POL-FIN-001:1.0:SEC-004:CHK-001', 'POL-FIN-001:1.0:SEC-003:CHK-001', 'POL-FIN-001:1.0:SEC-001:CHK-001', 'POL-FIN-001:1.0:SEC-007:CHK-001', 'POL-FIN-001:1.0:SEC-006:CHK-001']","[1.0, 0.4761905, 0.4166667, 0.375, 0.36666667]",56.13384800017229,2,0.2,1.0,1.0,1.0
EQ-TRAVEL-2025-003,['POL-FIN-001:1.0:SEC-005:CHK-001'],"['POL-FIN-001:1.0:SEC-005:CHK-001', 'POL-FIN-001:1.0:SEC-003:CHK-001', 'POL-FIN-001:1.0:SEC-001:CHK-001', 'POL-FIN-001:1.0:SEC-002:CHK-001', 'POL-FIN-001:1.0:SEC-004:CHK-001']","[1.0, 0.53333336, 0.4761905, 0.4166667, 0.375]",55.94934900000226,2,0.2,1.0,1.0,1.0
EQ-TRAVEL-2025-004,['POL-FIN-001:1.0:SEC-006:CHK-001'],"['POL-FIN-001:1.0:SEC-006:CHK-001', 'POL-FIN-001:1.0:SEC-001:CHK-001', 'POL-FIN-001:1.0:SEC-007:CHK-001', 'POL-FIN-001:1.0:SEC-005:CHK-001', 'POL-FIN-001:1.0:SEC-002:CHK-001']","[1.0, 0.5, 0.45833334, 0.45, 0.39285713]",56.0345479998432,2,0.2,1.0,1.0,1.0
EQ-TRAVEL-2026-001,['POL-FIN-001:2.0:SEC-002:CHK-001'],"['POL-FIN-001:2.0:SEC-002:CHK-001', 'POL-HR-001:1.0:SEC-005:CHK-001', 'POL-FIN-001:2.0:SEC-003:CHK-001', 'POL-FIN-001:2.0:SEC-007:CHK-001', 'POL-HR-001:1.0:SEC-007:CHK-001']","[0.8333334, 0.5714286, 0.4761905, 0.33333334, 0.28333333]",13.513112000055116,2,0.2,1.0,1.0,1.0
EQ-TRAVEL-2026-002,['POL-FIN-001:2.0:SEC-003:CHK-001'],"['POL-FIN-001:2.0:SEC-003:CHK-001', 'POL-HR-002:1.0:SEC-007:CHK-001', 'POL-FIN-001:2.0:SEC-002:CHK-001', 'POL-FIN-001:2.0:SEC-006:CHK-001', 'POL-FIN-001:2.0:SEC-007:CHK-001']","[1.0, 0.6666667, 0.375, 0.36666667, 0.325]",54.22364700007165,2,0.2,1.0,1.0,1.0
EQ-TRAVEL-2026-003,['POL-FIN-001:2.0:SEC-004:CHK-001'],"['POL-FIN-001:2.0:SEC-004:CHK-001', 'POL-HR-001:1.0:SEC-005:CHK-001', 'POL-FIN-001:2.0:SEC-003:CHK-001', 'POL-FIN-001:2.0:SEC-005:CHK-001', 'POL-COMP-001:1.0:SEC-002:CHK-001']","[1.0, 0.3703704, 0.36666667, 0.33333334, 0.2857143]",13.18721200004802,2,0.2,1.0,1.0,1.0
EQ-TRAVEL-2026-004,['POL-FIN-001:2.0:SEC-005:CHK-001'],"['POL-FIN-001:2.0:SEC-005:CHK-001', 'POL-HR-001:1.0:SEC-005:CHK-001', 'POL-FIN-001:2.0:SEC-004:CHK-001', 'POL-FIN-001:2.0:SEC-002:CHK-001', 'POL-HR-001:1.0:SEC-007:CHK-001']","[0.5625, 0.53333336, 0.44444445, 0.4166667, 0.36904764]",12.768110999786586,2,0.2,1.0,1.0,1.0
EQ-TRAVEL-2026-005,['POL-FIN-001:2.0:SEC-006:CHK-001'],"['POL-FIN-001:2.0:SEC-006:CHK-001', 'POL-HR-001:1.0:SEC-005:CHK-001', 'POL-HR-001:1.0:SEC-006:CHK-001', 'POL-PROC-001:1.0:SEC-002:CHK-001', 'POL-HR-001:1.0:SEC-003:CHK-001']","[0.64285713, 0.53846157, 0.44444445, 0.33333334, 0.27222222]",13.478311000199028,2,0.2,1.0,1.0,1.0
EQ-TRAVEL-2026-006,['POL-FIN-001:2.0:SEC-007:CHK-001'],"['POL-FIN-001:2.0:SEC-007:CHK-001', 'POL-HR-002:1.0:SEC-006:CHK-001', 'POL-FIN-001:2.0:SEC-003:CHK-001', 'POL-PROC-001:1.0:SEC-007:CHK-001', 'POL-HR-001:1.0:SEC-010:CHK-001']","[1.0, 0.44444445, 0.39285713, 0.39215687, 0.325]",16.47301499997411,2,0.2,1.0,1.0,1.0
EQ-SEC-001,['POL-SEC-001:1.0:SEC-002:CHK-001'],"['POL-SEC-001:1.0:SEC-002:CHK-001', 'POL-SEC-001:1.0:SEC-004:CHK-001', 'POL-SEC-001:1.0:SEC-006:CHK-001', 'POL-SEC-001:1.0:SEC-001:CHK-001', 'POL-SEC-001:1.0:SEC-005:CHK-001']","[1.0, 0.53333336, 0.53333336, 0.5, 0.30952382]",56.03144799988513,2,0.2,1.0,1.0,1.0
EQ-SEC-002,['POL-SEC-001:1.0:SEC-003:CHK-001'],"['POL-SEC-001:1.0:SEC-003:CHK-001', 'POL-SEC-001:1.0:SEC-006:CHK-001', 'POL-SEC-001:1.0:SEC-004:CHK-001', 'POL-SEC-001:1.0:SEC-002:CHK-001', 'POL-SEC-001:1.0:SEC-007:CHK-001']","[1.0, 0.5, 0.33333334, 0.25, 0.2]",55.95204900009776,2,0.2,1.0,1.0,1.0
EQ-SEC-003,['POL-SEC-001:1.0:SEC-004:CHK-001'],"['POL-SEC-001:1.0:SEC-004:CHK-001', 'POL-SEC-001:1.0:SEC-002:CHK-001', 'POL-SEC-001:1.0:SEC-006:CHK-001', 'POL-SEC-001:1.0:SEC-003:CHK-001', 'POL-SEC-001:1.0:SEC-001:CHK-001']","[0.8333334, 0.8333334, 0.45, 0.45, 0.2916667]",55.899548000070354,2,0.2,1.0,1.0,1.0
EQ-SEC-004,['POL-SEC-001:1.0:SEC-005:CHK-001'],"['POL-SEC-001:1.0:SEC-005:CHK-001', 'POL-SEC-001:1.0:SEC-004:CHK-001', 'POL-SEC-001:1.0:SEC-002:CHK-001', 'POL-SEC-001:1.0:SEC-007:CHK-001', 'POL-SEC-001:1.0:SEC-006:CHK-001']","[1.0, 0.53333336, 0.5, 0.45, 0.4166667]",56.12374900010764,2,0.2,1.0,1.0,1.0
EQ-SEC-005,['POL-SEC-001:1.0:SEC-006:CHK-001'],"['POL-SEC-001:1.0:SEC-006:CHK-001', 'POL-SEC-001:1.0:SEC-004:CHK-001', 'POL-SEC-001:1.0:SEC-003:CHK-001', 'POL-SEC-001:1.0:SEC-002:CHK-001', 'POL-SEC-001:1.0:SEC-001:CHK-001']","[1.0, 0.5833334, 0.5, 0.39285713, 0.325]",55.8635479997065,2,0.2,1.0,1.0,1.0
EQ-SEC-006,['POL-SEC-001:1.0:SEC-007:CHK-001'],"['POL-SEC-001:1.0:SEC-003:CHK-001', 'POL-SEC-001:1.0:SEC-007:CHK-001', 'POL-SEC-001:1.0:SEC-004:CHK-001', 'POL-SEC-001:1.0:SEC-001:CHK-001', 'POL-SEC-001:1.0:SEC-002:CHK-001']","[0.8333334, 0.8333334, 0.4, 0.375, 0.375]",60.12855299968578,2,0.2,1.0,0.5,0.6309297535714575
EQ-IT-001,['POL-IT-001:1.0:SEC-002:CHK-001'],"['POL-IT-001:1.0:SEC-002:CHK-001', 'POL-IT-001:1.0:SEC-006:CHK-001', 'POL-IT-001:1.0:SEC-001:CHK-001', 'POL-IT-001:1.0:SEC-007:CHK-001', 'POL-IT-001:1.0:SEC-003:CHK-001']","[1.0, 0.5833334, 0.53333336, 0.4166667, 0.325]",59.80365100003837,2,0.2,1.0,1.0,1.0
EQ-IT-002,['POL-IT-001:1.0:SEC-003:CHK-001'],"['POL-IT-001:1.0:SEC-003:CHK-001', 'POL-IT-001:1.0:SEC-005:CHK-001', 'POL-IT-001:1.0:SEC-004:CHK-001', 'POL-IT-001:1.0:SEC-006:CHK-001', 'POL-IT-001:1.0:SEC-002:CHK-001']","[0.8333334, 0.75, 0.45, 0.36666667, 0.33333334]",56.25174899978447,2,0.2,1.0,1.0,1.0
EQ-IT-003,['POL-IT-001:1.0:SEC-004:CHK-001'],"['POL-IT-001:1.0:SEC-004:CHK-001', 'POL-IT-001:1.0:SEC-005:CHK-001', 'POL-IT-001:1.0:SEC-003:CHK-001', 'POL-IT-001:1.0:SEC-002:CHK-001', 'POL-IT-001:1.0:SEC-007:CHK-001']","[0.8333334, 0.8333334, 0.4, 0.39285713, 0.375]",59.470451999914076,2,0.2,1.0,1.0,1.0
EQ-IT-004,['POL-IT-001:1.0:SEC-005:CHK-001'],"['POL-IT-001:1.0:SEC-005:CHK-001', 'POL-IT-001:1.0:SEC-006:CHK-001', 'POL-IT-001:1.0:SEC-003:CHK-001', 'POL-IT-001:1.0:SEC-007:CHK-001', 'POL-IT-001:1.0:SEC-004:CHK-001']","[1.0, 0.53333336, 0.5, 0.375, 0.36666667]",56.184747999850515,2,0.2,1.0,1.0,1.0
EQ-IT-005,['POL-IT-001:1.0:SEC-006:CHK-001'],"['POL-IT-001:1.0:SEC-006:CHK-001', 'POL-IT-001:1.0:SEC-001:CHK-001', 'POL-IT-001:1.0:SEC-002:CHK-001', 'POL-IT-001:1.0:SEC-005:CHK-001', 'POL-IT-001:1.0:SEC-004:CHK-001']","[1.0, 0.53333336, 0.5, 0.4761905, 0.34285715]",55.98234900026,2,0.2,1.0,1.0,1.0
EQ-IT-006,['POL-IT-001:1.0:SEC-007:CHK-001'],"['POL-IT-001:1.0:SEC-007:CHK-001', 'POL-IT-001:1.0:SEC-005:CHK-001', 'POL-IT-001:1.0:SEC-001:CHK-001', 'POL-IT-001:1.0:SEC-006:CHK-001', 'POL-IT-001:1.0:SEC-002:CHK-001']","[1.0, 0.4761905, 0.4761905, 0.4166667, 0.375]",55.950748000213935,2,0.2,1.0,1.0,1.0
EQ-PROC-001,['POL-PROC-001:1.0:SEC-002:CHK-001'],"['POL-PROC-001:1.0:SEC-007:CHK-001', 'POL-PROC-001:1.0:SEC-002:CHK-001', 'POL-PROC-001:1.0:SEC-003:CHK-001', 'POL-PROC-001:1.0:SEC-004:CHK-001', 'POL-PROC-001:1.0:SEC-001:CHK-001']","[0.7, 0.625, 0.53333336, 0.5, 0.39285713]",55.939847999979975,2,0.2,1.0,0.5,0.6309297535714575
EQ-PROC-002,['POL-PROC-001:1.0:SEC-003:CHK-001'],"['POL-PROC-001:1.0:SEC-003:CHK-001', 'POL-PROC-001:1.0:SEC-006:CHK-001', 'POL-PROC-001:1.0:SEC-007:CHK-001', 'POL-PROC-001:1.0:SEC-002:CHK-001', 'POL-PROC-001:1.0:SEC-004:CHK-001']","[1.0, 0.5833334, 0.53333336, 0.375, 0.33333334]",60.03635199976998,2,0.2,1.0,1.0,1.0
EQ-PROC-003,['POL-PROC-001:1.0:SEC-004:CHK-001'],"['POL-PROC-001:1.0:SEC-004:CHK-001', 'POL-PROC-001:1.0:SEC-005:CHK-001', 'POL-PROC-001:1.0:SEC-003:CHK-001', 'POL-PROC-001:1.0:SEC-001:CHK-001', 'POL-PROC-001:1.0:SEC-006:CHK-001']","[0.8333334, 0.8333334, 0.4, 0.39285713, 0.375]",55.792947999634634,2,0.2,1.0,1.0,1.0
EQ-PROC-004,['POL-PROC-001:1.0:SEC-005:CHK-001'],"['POL-PROC-001:1.0:SEC-005:CHK-001', 'POL-PROC-001:1.0:SEC-006:CHK-001', 'POL-PROC-001:1.0:SEC-004:CHK-001', 'POL-PROC-001:1.0:SEC-007:CHK-001', 'POL-PROC-001:1.0:SEC-003:CHK-001']","[0.8333334, 0.64285713, 0.53333336, 0.5, 0.36666667]",56.017348999830574,2,0.2,1.0,1.0,1.0
EQ-PROC-005,['POL-PROC-001:1.0:SEC-006:CHK-001'],"['POL-PROC-001:1.0:SEC-006:CHK-001', 'POL-PROC-001:1.0:SEC-007:CHK-001', 'POL-PROC-001:1.0:SEC-005:CHK-001', 'POL-PROC-001:1.0:SEC-003:CHK-001', 'POL-PROC-001:1.0:SEC-004:CHK-001']","[1.0, 0.5833334, 0.45833334, 0.4166667, 0.34285715]",55.98804900000687,2,0.2,1.0,1.0,1.0
EQ-PROC-006,['POL-PROC-001:1.0:SEC-007:CHK-001'],"['POL-PROC-001:1.0:SEC-007:CHK-001', 'POL-PROC-001:1.0:SEC-006:CHK-001', 'POL-PROC-001:1.0:SEC-003:CHK-001', 'POL-PROC-001:1.0:SEC-005:CHK-001', 'POL-PROC-001:1.0:SEC-002:CHK-001']","[1.0, 0.53333336, 0.45, 0.375, 0.33333334]",55.983048000143754,2,0.2,1.0,1.0,1.0
EQ-LEGAL-001,['POL-LEG-001:1.0:SEC-002:CHK-001'],"['POL-LEG-001:1.0:SEC-002:CHK-001', 'POL-LEG-001:1.0:SEC-005:CHK-001', 'POL-LEG-001:1.0:SEC-007:CHK-001', 'POL-LEG-001:1.0:SEC-001:CHK-001', 'POL-LEG-001:1.0:SEC-003:CHK-001']","[1.0, 0.5833334, 0.45833334, 0.39285713, 0.36666667]",55.82984900001975,2,0.2,1.0,1.0,1.0
EQ-LEGAL-002,['POL-LEG-001:1.0:SEC-003:CHK-001'],"['POL-LEG-001:1.0:SEC-003:CHK-001', 'POL-LEG-001:1.0:SEC-004:CHK-001', 'POL-LEG-001:1.0:SEC-001:CHK-001', 'POL-LEG-001:1.0:SEC-002:CHK-001', 'POL-LEG-001:1.0:SEC-007:CHK-001']","[1.0, 0.5833334, 0.53333336, 0.4166667, 0.325]",56.02204799970423,2,0.2,1.0,1.0,1.0
EQ-LEGAL-003,['POL-LEG-001:1.0:SEC-004:CHK-001'],"['POL-LEG-001:1.0:SEC-004:CHK-001', 'POL-LEG-001:1.0:SEC-003:CHK-001', 'POL-LEG-001:1.0:SEC-002:CHK-001', 'POL-LEG-001:1.0:SEC-006:CHK-001', 'POL-LEG-001:1.0:SEC-001:CHK-001']","[1.0, 0.6666667, 0.45, 0.45, 0.30952382]",55.93354899974656,2,0.2,1.0,1.0,1.0
EQ-LEGAL-004,['POL-LEG-001:1.0:SEC-005:CHK-001'],"['POL-LEG-001:1.0:SEC-005:CHK-001', 'POL-LEG-001:1.0:SEC-007:CHK-001', 'POL-LEG-001:1.0:SEC-002:CHK-001', 'POL-LEG-001:1.0:SEC-003:CHK-001', 'POL-LEG-001:1.0:SEC-006:CHK-001']","[1.0, 0.53333336, 0.45, 0.4166667, 0.33333334]",56.64274900027522,2,0.2,1.0,1.0,1.0
EQ-LEGAL-005,['POL-LEG-001:1.0:SEC-006:CHK-001'],"['POL-LEG-001:1.0:SEC-006:CHK-001', 'POL-LEG-001:1.0:SEC-007:CHK-001', 'POL-LEG-001:1.0:SEC-003:CHK-001', 'POL-LEG-001:1.0:SEC-002:CHK-001', 'POL-LEG-001:1.0:SEC-001:CHK-001']","[1.0, 0.5, 0.4761905, 0.4, 0.39285713]",59.69365100008872,2,0.2,1.0,1.0,1.0
EQ-LEGAL-006,['POL-LEG-001:1.0:SEC-007:CHK-001'],"['POL-LEG-001:1.0:SEC-007:CHK-001', 'POL-LEG-001:1.0:SEC-002:CHK-001', 'POL-LEG-001:1.0:SEC-005:CHK-001', 'POL-LEG-001:1.0:SEC-004:CHK-001', 'POL-LEG-001:1.0:SEC-003:CHK-001']","[1.0, 0.5833334, 0.5833334, 0.34285715, 0.325]",56.12034900013896,2,0.2,1.0,1.0,1.0
EQ-COMP-001,['POL-COMP-001:1.0:SEC-002:CHK-001'],"['POL-COMP-001:1.0:SEC-002:CHK-001', 'POL-COMP-001:1.0:SEC-005:CHK-001', 'POL-COMP-001:1.0:SEC-004:CHK-001', 'POL-COMP-001:1.0:SEC-001:CHK-001', 'POL-COMP-001:1.0:SEC-003:CHK-001']","[1.0, 0.6666667, 0.45, 0.4166667, 0.325]",55.53794800016476,2,0.2,1.0,1.0,1.0
EQ-COMP-002,['POL-COMP-001:1.0:SEC-003:CHK-001'],"['POL-COMP-001:1.0:SEC-003:CHK-001', 'POL-COMP-001:1.0:SEC-005:CHK-001', 'POL-COMP-001:1.0:SEC-002:CHK-001', 'POL-COMP-001:1.0:SEC-004:CHK-001', 'POL-COMP-001:1.0:SEC-007:CHK-001']","[0.8333334, 0.7, 0.5, 0.4761905, 0.34285715]",55.69484899979216,2,0.2,1.0,1.0,1.0
EQ-COMP-003,['POL-COMP-001:1.0:SEC-004:CHK-001'],"['POL-COMP-001:1.0:SEC-004:CHK-001', 'POL-COMP-001:1.0:SEC-002:CHK-001', 'POL-COMP-001:1.0:SEC-003:CHK-001', 'POL-COMP-001:1.0:SEC-006:CHK-001', 'POL-COMP-001:1.0:SEC-005:CHK-001']","[1.0, 0.5833334, 0.53333336, 0.325, 0.25]",55.91064800000822,2,0.2,1.0,1.0,1.0
EQ-COMP-004,['POL-COMP-001:1.0:SEC-005:CHK-001'],"['POL-COMP-001:1.0:SEC-005:CHK-001', 'POL-COMP-001:1.0:SEC-004:CHK-001', 'POL-COMP-001:1.0:SEC-007:CHK-001', 'POL-COMP-001:1.0:SEC-006:CHK-001', 'POL-COMP-001:1.0:SEC-003:CHK-001']","[1.0, 0.53333336, 0.45833334, 0.4166667, 0.375]",56.215949000034016,2,0.2,1.0,1.0,1.0
EQ-COMP-005,['POL-COMP-001:1.0:SEC-006:CHK-001'],"['POL-COMP-001:1.0:SEC-006:CHK-001', 'POL-COMP-001:1.0:SEC-007:CHK-001', 'POL-COMP-001:1.0:SEC-005:CHK-001', 'POL-COMP-001:1.0:SEC-004:CHK-001', 'POL-COMP-001:1.0:SEC-001:CHK-001']","[1.0, 0.53333336, 0.4761905, 0.4166667, 0.375]",56.99774899994736,2,0.2,1.0,1.0,1.0
EQ-COMP-006,['POL-COMP-001:1.0:SEC-007:CHK-001'],"['POL-COMP-001:1.0:SEC-007:CHK-001', 'POL-COMP-001:1.0:SEC-004:CHK-001', 'POL-COMP-001:1.0:SEC-006:CHK-001', 'POL-COMP-001:1.0:SEC-005:CHK-001', 'POL-COMP-001:1.0:SEC-002:CHK-001']","[1.0, 0.5, 0.5, 0.45, 0.39285713]",54.59664799991515,2,0.2,1.0,1.0,1.0
EQ-HR-001,['POL-HR-001:1.0:SEC-003:CHK-001'],"['POL-HR-001:1.0:SEC-003:CHK-001', 'POL-HR-001:1.0:SEC-005:CHK-001', 'POL-HR-001:1.0:SEC-006:CHK-001', 'POL-HR-001:1.0:SEC-004:CHK-001', 'POL-HR-001:1.0:SEC-001:CHK-001']","[0.8333334, 0.8333334, 0.35, 0.31111112, 0.29761904]",13.407510999968508,3,0.2,1.0,1.0,1.0
EQ-HR-002,['POL-HR-001:1.0:SEC-004:CHK-001'],"['POL-HR-001:1.0:SEC-004:CHK-001', 'POL-HR-001:1.0:SEC-005:CHK-001', 'POL-HR-001:1.0:SEC-003:CHK-001', 'POL-HR-002:1.0:SEC-004:CHK-001', 'POL-HR-001:1.0:SEC-007:CHK-001']","[0.8333334, 0.7, 0.4047619, 0.30555555, 0.3]",12.89281099980144,3,0.2,1.0,1.0,1.0
EQ-HR-003,['POL-HR-001:1.0:SEC-005:CHK-001'],"['POL-HR-001:1.0:SEC-005:CHK-001', 'POL-HR-001:1.0:SEC-011:CHK-001', 'POL-HR-001:1.0:SEC-009:CHK-001', 'POL-HR-001:1.0:SEC-003:CHK-001', 'POL-HR-001:1.0:SEC-007:CHK-001']","[0.8333334, 0.5588235, 0.45, 0.45, 0.42424244]",14.036712999768497,3,0.2,1.0,1.0,1.0
EQ-HR-004,['POL-HR-001:1.0:SEC-006:CHK-001'],"['POL-HR-001:1.0:SEC-006:CHK-001', 'POL-FIN-001:2.0:SEC-005:CHK-001', 'POL-HR-001:1.0:SEC-007:CHK-001', 'POL-HR-001:1.0:SEC-003:CHK-001', 'POL-HR-001:1.0:SEC-005:CHK-001']","[1.0, 0.42424244, 0.41025642, 0.39285713, 0.3611111]",12.819611000395525,3,0.2,1.0,1.0,1.0
EQ-HR-005,['POL-HR-001:1.0:SEC-007:CHK-001'],"['POL-HR-001:1.0:SEC-007:CHK-001', 'POL-SEC-001:1.0:SEC-004:CHK-001', 'POL-SEC-001:1.0:SEC-002:CHK-001', 'POL-HR-002:1.0:SEC-006:CHK-001', 'POL-HR-001:1.0:SEC-003:CHK-001']","[1.0, 0.45833334, 0.39285713, 0.33333334, 0.33333334]",13.211311000304704,3,0.2,1.0,1.0,1.0
EQ-HR-006,['POL-HR-001:1.0:SEC-008:CHK-001'],"['POL-HR-001:1.0:SEC-008:CHK-001', 'POL-HR-001:1.0:SEC-007:CHK-001', 'POL-HR-001:1.0:SEC-003:CHK-001', 'POL-HR-001:1.0:SEC-005:CHK-001', 'POL-HR-002:1.0:SEC-006:CHK-001']","[1.0, 0.53333336, 0.4166667, 0.41025642, 0.3125]",15.087912999661057,3,0.2,1.0,1.0,1.0
EQ-LEAVE-001,['POL-HR-002:1.0:SEC-002:CHK-001'],"['POL-HR-002:1.0:SEC-002:CHK-001', 'POL-HR-002:1.0:SEC-003:CHK-001', 'POL-HR-001:1.0:SEC-005:CHK-001', 'POL-HR-002:1.0:SEC-001:CHK-001', 'POL-HR-001:1.0:SEC-002:CHK-001']","[1.0, 0.39215687, 0.39215687, 0.36666667, 0.35]",13.407811999968544,3,0.2,1.0,1.0,1.0
EQ-LEAVE-002,['POL-HR-002:1.0:SEC-003:CHK-001'],"['POL-HR-002:1.0:SEC-003:CHK-001', 'POL-HR-002:1.0:SEC-006:CHK-001', 'POL-HR-002:1.0:SEC-004:CHK-001', 'POL-HR-001:1.0:SEC-005:CHK-001', 'POL-HR-002:1.0:SEC-002:CHK-001']","[0.75, 0.7, 0.43333334, 0.4047619, 0.28846154]",13.093811000089772,3,0.2,1.0,1.0,1.0
EQ-LEAVE-003,['POL-HR-002:1.0:SEC-004:CHK-001'],"['POL-HR-002:1.0:SEC-004:CHK-001', 'POL-HR-002:1.0:SEC-007:CHK-001', 'POL-HR-002:1.0:SEC-006:CHK-001', 'POL-HR-001:1.0:SEC-005:CHK-001', 'POL-HR-002:1.0:SEC-003:CHK-001']","[1.0, 0.39285713, 0.375, 0.375, 0.36666667]",13.240111999948567,3,0.2,1.0,1.0,1.0
EQ-LEAVE-004,['POL-HR-002:1.0:SEC-005:CHK-001'],"['POL-HR-002:1.0:SEC-005:CHK-001', 'POL-HR-001:1.0:SEC-007:CHK-001', 'POL-FIN-001:2.0:SEC-006:CHK-001', 'POL-HR-001:1.0:SEC-005:CHK-001', 'POL-HR-002:1.0:SEC-006:CHK-001']","[0.8333334, 0.54347825, 0.35964912, 0.32692307, 0.32142857]",14.840913000170985,3,0.2,1.0,1.0,1.0
EQ-LEAVE-005,['POL-HR-002:1.0:SEC-006:CHK-001'],"['POL-HR-002:1.0:SEC-006:CHK-001', 'POL-HR-002:1.0:SEC-003:CHK-001', 'POL-HR-001:1.0:SEC-003:CHK-001', 'POL-HR-002:1.0:SEC-004:CHK-001', 'POL-HR-002:1.0:SEC-005:CHK-001']","[1.0, 0.5, 0.4166667, 0.38596493, 0.33333334]",12.852310999733163,3,0.2,1.0,1.0,1.0
EQ-LEAVE-006,['POL-HR-002:1.0:SEC-007:CHK-001'],"['POL-HR-002:1.0:SEC-007:CHK-001', 'POL-HR-002:1.0:SEC-006:CHK-001', 'POL-HR-002:1.0:SEC-003:CHK-001', 'POL-HR-002:1.0:SEC-001:CHK-001', 'POL-FIN-001:2.0:SEC-003:CHK-001']","[0.75, 0.75, 0.43333334, 0.4, 0.35714287]",54.862148000211164,3,0.2,1.0,1.0,1.0
EQ-TRAVEL-2025-001,['POL-FIN-001:1.0:SEC-003:CHK-001'],"['POL-FIN-001:1.0:SEC-003:CHK-001', 'POL-FIN-001:1.0:SEC-002:CHK-001', 'POL-FIN-001:1.0:SEC-001:CHK-001', 'POL-FIN-001:1.0:SEC-006:CHK-001', 'POL-FIN-001:1.0:SEC-005:CHK-001']","[0.8333334, 0.75, 0.53333336, 0.45, 0.30952382]",55.97824799997397,3,0.2,1.0,1.0,1.0
EQ-TRAVEL-2025-002,['POL-FIN-001:1.0:SEC-004:CHK-001'],"['POL-FIN-001:1.0:SEC-004:CHK-001', 'POL-FIN-001:1.0:SEC-003:CHK-001', 'POL-FIN-001:1.0:SEC-001:CHK-001', 'POL-FIN-001:1.0:SEC-007:CHK-001', 'POL-FIN-001:1.0:SEC-006:CHK-001']","[1.0, 0.4761905, 0.4166667, 0.375, 0.36666667]",56.046248999791715,3,0.2,1.0,1.0,1.0
EQ-TRAVEL-2025-003,['POL-FIN-001:1.0:SEC-005:CHK-001'],"['POL-FIN-001:1.0:SEC-005:CHK-001', 'POL-FIN-001:1.0:SEC-003:CHK-001', 'POL-FIN-001:1.0:SEC-001:CHK-001', 'POL-FIN-001:1.0:SEC-002:CHK-001', 'POL-FIN-001:1.0:SEC-004:CHK-001']","[1.0, 0.53333336, 0.4761905, 0.4166667, 0.375]",55.7855480001308,3,0.2,1.0,1.0,1.0
EQ-TRAVEL-2025-004,['POL-FIN-001:1.0:SEC-006:CHK-001'],"['POL-FIN-001:1.0:SEC-006:CHK-001', 'POL-FIN-001:1.0:SEC-001:CHK-001', 'POL-FIN-001:1.0:SEC-007:CHK-001', 'POL-FIN-001:1.0:SEC-005:CHK-001', 'POL-FIN-001:1.0:SEC-002:CHK-001']","[1.0, 0.5, 0.45833334, 0.45, 0.39285713]",59.9945519998073,3,0.2,1.0,1.0,1.0
EQ-TRAVEL-2026-001,['POL-FIN-001:2.0:SEC-002:CHK-001'],"['POL-FIN-001:2.0:SEC-002:CHK-001', 'POL-HR-001:1.0:SEC-005:CHK-001', 'POL-FIN-001:2.0:SEC-003:CHK-001', 'POL-FIN-001:2.0:SEC-007:CHK-001', 'POL-HR-001:1.0:SEC-007:CHK-001']","[0.8333334, 0.5714286, 0.4761905, 0.33333334, 0.28333333]",13.618211999983032,3,0.2,1.0,1.0,1.0
EQ-TRAVEL-2026-002,['POL-FIN-001:2.0:SEC-003:CHK-001'],"['POL-FIN-001:2.0:SEC-003:CHK-001', 'POL-HR-002:1.0:SEC-007:CHK-001', 'POL-FIN-001:2.0:SEC-002:CHK-001', 'POL-FIN-001:2.0:SEC-006:CHK-001', 'POL-FIN-001:2.0:SEC-007:CHK-001']","[1.0, 0.6666667, 0.375, 0.36666667, 0.325]",54.4448470000134,3,0.2,1.0,1.0,1.0
EQ-TRAVEL-2026-003,['POL-FIN-001:2.0:SEC-004:CHK-001'],"['POL-FIN-001:2.0:SEC-004:CHK-001', 'POL-HR-001:1.0:SEC-005:CHK-001', 'POL-FIN-001:2.0:SEC-003:CHK-001', 'POL-FIN-001:2.0:SEC-005:CHK-001', 'POL-COMP-001:1.0:SEC-002:CHK-001']","[1.0, 0.3703704, 0.36666667, 0.33333334, 0.2857143]",13.318612000148278,3,0.2,1.0,1.0,1.0
EQ-TRAVEL-2026-004,['POL-FIN-001:2.0:SEC-005:CHK-001'],"['POL-FIN-001:2.0:SEC-005:CHK-001', 'POL-HR-001:1.0:SEC-005:CHK-001', 'POL-FIN-001:2.0:SEC-004:CHK-001', 'POL-FIN-001:2.0:SEC-002:CHK-001', 'POL-HR-001:1.0:SEC-007:CHK-001']","[0.5625, 0.53333336, 0.44444445, 0.4166667, 0.36904764]",13.308211000094161,3,0.2,1.0,1.0,1.0
EQ-TRAVEL-2026-005,['POL-FIN-001:2.0:SEC-006:CHK-001'],"['POL-FIN-001:2.0:SEC-006:CHK-001', 'POL-HR-001:1.0:SEC-005:CHK-001', 'POL-HR-001:1.0:SEC-006:CHK-001', 'POL-PROC-001:1.0:SEC-002:CHK-001', 'POL-HR-001:1.0:SEC-003:CHK-001']","[0.64285713, 0.53846157, 0.44444445, 0.33333334, 0.27222222]",13.053012000000308,3,0.2,1.0,1.0,1.0
EQ-TRAVEL-2026-006,['POL-FIN-001:2.0:SEC-007:CHK-001'],"['POL-FIN-001:2.0:SEC-007:CHK-001', 'POL-HR-002:1.0:SEC-006:CHK-001', 'POL-FIN-001:2.0:SEC-003:CHK-001', 'POL-PROC-001:1.0:SEC-007:CHK-001', 'POL-HR-001:1.0:SEC-010:CHK-001']","[1.0, 0.44444445, 0.39285713, 0.39215687, 0.325]",12.845810999806417,3,0.2,1.0,1.0,1.0
EQ-SEC-001,['POL-SEC-001:1.0:SEC-002:CHK-001'],"['POL-SEC-001:1.0:SEC-002:CHK-001', 'POL-SEC-001:1.0:SEC-004:CHK-001', 'POL-SEC-001:1.0:SEC-006:CHK-001', 'POL-SEC-001:1.0:SEC-001:CHK-001', 'POL-SEC-001:1.0:SEC-005:CHK-001']","[1.0, 0.53333336, 0.53333336, 0.5, 0.30952382]",55.278348000229016,3,0.2,1.0,1.0,1.0
EQ-SEC-002,['POL-SEC-001:1.0:SEC-003:CHK-001'],"['POL-SEC-001:1.0:SEC-003:CHK-001', 'POL-SEC-001:1.0:SEC-006:CHK-001', 'POL-SEC-001:1.0:SEC-004:CHK-001', 'POL-SEC-001:1.0:SEC-002:CHK-001', 'POL-SEC-001:1.0:SEC-007:CHK-001']","[1.0, 0.5, 0.33333334, 0.25, 0.2]",55.90704799988089,3,0.2,1.0,1.0,1.0
EQ-SEC-003,['POL-SEC-001:1.0:SEC-004:CHK-001'],"['POL-SEC-001:1.0:SEC-004:CHK-001', 'POL-SEC-001:1.0:SEC-002:CHK-001', 'POL-SEC-001:1.0:SEC-003:CHK-001', 'POL-SEC-001:1.0:SEC-006:CHK-001', 'POL-SEC-001:1.0:SEC-001:CHK-001']","[0.8333334, 0.8333334, 0.45, 0.45, 0.2916667]",57.464149999759684,3,0.2,1.0,1.0,1.0
EQ-SEC-004,['POL-SEC-001:1.0:SEC-005:CHK-001'],"['POL-SEC-001:1.0:SEC-005:CHK-001', 'POL-SEC-001:1.0:SEC-004:CHK-001', 'POL-SEC-001:1.0:SEC-002:CHK-001', 'POL-SEC-001:1.0:SEC-007:CHK-001', 'POL-SEC-001:1.0:SEC-006:CHK-001']","[1.0, 0.53333336, 0.5, 0.45, 0.4166667]",54.74884699970062,3,0.2,1.0,1.0,1.0
EQ-SEC-005,['POL-SEC-001:1.0:SEC-006:CHK-001'],"['POL-SEC-001:1.0:SEC-006:CHK-001', 'POL-SEC-001:1.0:SEC-004:CHK-001', 'POL-SEC-001:1.0:SEC-003:CHK-001', 'POL-SEC-001:1.0:SEC-002:CHK-001', 'POL-SEC-001:1.0:SEC-001:CHK-001']","[1.0, 0.5833334, 0.5, 0.39285713, 0.325]",55.48974899966197,3,0.2,1.0,1.0,1.0
EQ-SEC-006,['POL-SEC-001:1.0:SEC-007:CHK-001'],"['POL-SEC-001:1.0:SEC-007:CHK-001', 'POL-SEC-001:1.0:SEC-003:CHK-001', 'POL-SEC-001:1.0:SEC-004:CHK-001', 'POL-SEC-001:1.0:SEC-002:CHK-001', 'POL-SEC-001:1.0:SEC-001:CHK-001']","[0.8333334, 0.8333334, 0.4, 0.375, 0.375]",56.267947999913304,3,0.2,1.0,1.0,1.0
EQ-IT-001,['POL-IT-001:1.0:SEC-002:CHK-001'],"['POL-IT-001:1.0:SEC-002:CHK-001', 'POL-IT-001:1.0:SEC-006:CHK-001', 'POL-IT-001:1.0:SEC-001:CHK-001', 'POL-IT-001:1.0:SEC-007:CHK-001', 'POL-IT-001:1.0:SEC-003:CHK-001']","[1.0, 0.5833334, 0.53333336, 0.4166667, 0.325]",55.96484899979259,3,0.2,1.0,1.0,1.0
EQ-IT-002,['POL-IT-001:1.0:SEC-003:CHK-001'],"['POL-IT-001:1.0:SEC-003:CHK-001', 'POL-IT-001:1.0:SEC-005:CHK-001', 'POL-IT-001:1.0:SEC-004:CHK-001', 'POL-IT-001:1.0:SEC-006:CHK-001', 'POL-IT-001:1.0:SEC-002:CHK-001']","[0.8333334, 0.75, 0.45, 0.36666667, 0.33333334]",59.94075199987492,3,0.2,1.0,1.0,1.0
EQ-IT-003,['POL-IT-001:1.0:SEC-004:CHK-001'],"['POL-IT-001:1.0:SEC-004:CHK-001', 'POL-IT-001:1.0:SEC-005:CHK-001', 'POL-IT-001:1.0:SEC-003:CHK-001', 'POL-IT-001:1.0:SEC-002:CHK-001', 'POL-IT-001:1.0:SEC-007:CHK-001']","[0.8333334, 0.8333334, 0.4, 0.39285713, 0.375]",56.15024899998389,3,0.2,1.0,1.0,1.0
EQ-IT-004,['POL-IT-001:1.0:SEC-005:CHK-001'],"['POL-IT-001:1.0:SEC-005:CHK-001', 'POL-IT-001:1.0:SEC-006:CHK-001', 'POL-IT-001:1.0:SEC-003:CHK-001', 'POL-IT-001:1.0:SEC-007:CHK-001', 'POL-IT-001:1.0:SEC-004:CHK-001']","[1.0, 0.53333336, 0.5, 0.375, 0.36666667]",55.76484799985337,3,0.2,1.0,1.0,1.0
EQ-IT-005,['POL-IT-001:1.0:SEC-006:CHK-001'],"['POL-IT-001:1.0:SEC-006:CHK-001', 'POL-IT-001:1.0:SEC-001:CHK-001', 'POL-IT-001:1.0:SEC-002:CHK-001', 'POL-IT-001:1.0:SEC-005:CHK-001', 'POL-IT-001:1.0:SEC-004:CHK-001']","[1.0, 0.53333336, 0.5, 0.4761905, 0.34285715]",55.64734799963844,3,0.2,1.0,1.0,1.0
EQ-IT-006,['POL-IT-001:1.0:SEC-007:CHK-001'],"['POL-IT-001:1.0:SEC-007:CHK-001', 'POL-IT-001:1.0:SEC-005:CHK-001', 'POL-IT-001:1.0:SEC-001:CHK-001', 'POL-IT-001:1.0:SEC-006:CHK-001', 'POL-IT-001:1.0:SEC-002:CHK-001']","[1.0, 0.4761905, 0.4761905, 0.4166667, 0.375]",56.130549000044994,3,0.2,1.0,1.0,1.0
EQ-PROC-001,['POL-PROC-001:1.0:SEC-002:CHK-001'],"['POL-PROC-001:1.0:SEC-007:CHK-001', 'POL-PROC-001:1.0:SEC-002:CHK-001', 'POL-PROC-001:1.0:SEC-003:CHK-001', 'POL-PROC-001:1.0:SEC-004:CHK-001', 'POL-PROC-001:1.0:SEC-006:CHK-001']","[0.7, 0.625, 0.53333336, 0.5, 0.39285713]",60.14395199963474,3,0.2,1.0,0.5,0.6309297535714575
EQ-PROC-002,['POL-PROC-001:1.0:SEC-003:CHK-001'],"['POL-PROC-001:1.0:SEC-003:CHK-001', 'POL-PROC-001:1.0:SEC-006:CHK-001', 'POL-PROC-001:1.0:SEC-007:CHK-001', 'POL-PROC-001:1.0:SEC-002:CHK-001', 'POL-PROC-001:1.0:SEC-004:CHK-001']","[1.0, 0.5833334, 0.53333336, 0.375, 0.33333334]",60.03485199971692,3,0.2,1.0,1.0,1.0
EQ-PROC-003,['POL-PROC-001:1.0:SEC-004:CHK-001'],"['POL-PROC-001:1.0:SEC-005:CHK-001', 'POL-PROC-001:1.0:SEC-004:CHK-001', 'POL-PROC-001:1.0:SEC-003:CHK-001', 'POL-PROC-001:1.0:SEC-001:CHK-001', 'POL-PROC-001:1.0:SEC-006:CHK-001']","[0.8333334, 0.8333334, 0.4, 0.39285713, 0.375]",55.76324799994836,3,0.2,1.0,0.5,0.6309297535714575
EQ-PROC-004,['POL-PROC-001:1.0:SEC-005:CHK-001'],"['POL-PROC-001:1.0:SEC-005:CHK-001', 'POL-PROC-001:1.0:SEC-006:CHK-001', 'POL-PROC-001:1.0:SEC-004:CHK-001', 'POL-PROC-001:1.0:SEC-007:CHK-001', 'POL-PROC-001:1.0:SEC-003:CHK-001']","[0.8333334, 0.64285713, 0.53333336, 0.5, 0.36666667]",63.90505600029428,3,0.2,1.0,1.0,1.0
EQ-PROC-005,['POL-PROC-001:1.0:SEC-006:CHK-001'],"['POL-PROC-001:1.0:SEC-006:CHK-001', 'POL-PROC-001:1.0:SEC-007:CHK-001', 'POL-PROC-001:1.0:SEC-005:CHK-001', 'POL-PROC-001:1.0:SEC-003:CHK-001', 'POL-PROC-001:1.0:SEC-004:CHK-001']","[1.0, 0.5833334, 0.45833334, 0.4166667, 0.34285715]",55.998448000082135,3,0.2,1.0,1.0,1.0
EQ-PROC-006,['POL-PROC-001:1.0:SEC-007:CHK-001'],"['POL-PROC-001:1.0:SEC-007:CHK-001', 'POL-PROC-001:1.0:SEC-006:CHK-001', 'POL-PROC-001:1.0:SEC-003:CHK-001', 'POL-PROC-001:1.0:SEC-005:CHK-001', 'POL-PROC-001:1.0:SEC-002:CHK-001']","[1.0, 0.53333336, 0.45, 0.375, 0.33333334]",55.909748999965814,3,0.2,1.0,1.0,1.0
EQ-LEGAL-001,['POL-LEG-001:1.0:SEC-002:CHK-001'],"['POL-LEG-001:1.0:SEC-002:CHK-001', 'POL-LEG-001:1.0:SEC-005:CHK-001', 'POL-LEG-001:1.0:SEC-007:CHK-001', 'POL-LEG-001:1.0:SEC-001:CHK-001', 'POL-LEG-001:1.0:SEC-003:CHK-001']","[1.0, 0.5833334, 0.45833334, 0.39285713, 0.36666667]",56.03014799999073,3,0.2,1.0,1.0,1.0
EQ-LEGAL-002,['POL-LEG-001:1.0:SEC-003:CHK-001'],"['POL-LEG-001:1.0:SEC-003:CHK-001', 'POL-LEG-001:1.0:SEC-004:CHK-001', 'POL-LEG-001:1.0:SEC-001:CHK-001', 'POL-LEG-001:1.0:SEC-002:CHK-001', 'POL-LEG-001:1.0:SEC-007:CHK-001']","[1.0, 0.5833334, 0.53333336, 0.4166667, 0.325]",59.88455199985765,3,0.2,1.0,1.0,1.0
EQ-LEGAL-003,['POL-LEG-001:1.0:SEC-004:CHK-001'],"['POL-LEG-001:1.0:SEC-004:CHK-001', 'POL-LEG-001:1.0:SEC-003:CHK-001', 'POL-LEG-001:1.0:SEC-006:CHK-001', 'POL-LEG-001:1.0:SEC-002:CHK-001', 'POL-LEG-001:1.0:SEC-007:CHK-001']","[1.0, 0.6666667, 0.45, 0.45, 0.30952382]",56.02204899969365,3,0.2,1.0,1.0,1.0
EQ-LEGAL-004,['POL-LEG-001:1.0:SEC-005:CHK-001'],"['POL-LEG-001:1.0:SEC-005:CHK-001', 'POL-LEG-001:1.0:SEC-007:CHK-001', 'POL-LEG-001:1.0:SEC-002:CHK-001', 'POL-LEG-001:1.0:SEC-003:CHK-001', 'POL-LEG-001:1.0:SEC-006:CHK-001']","[1.0, 0.53333336, 0.45, 0.4166667, 0.33333334]",55.88424799998393,3,0.2,1.0,1.0,1.0
EQ-LEGAL-005,['POL-LEG-001:1.0:SEC-006:CHK-001'],"['POL-LEG-001:1.0:SEC-006:CHK-001', 'POL-LEG-001:1.0:SEC-007:CHK-001', 'POL-LEG-001:1.0:SEC-003:CHK-001', 'POL-LEG-001:1.0:SEC-002:CHK-001', 'POL-LEG-001:1.0:SEC-001:CHK-001']","[1.0, 0.5, 0.4761905, 0.4, 0.39285713]",60.04995200009944,3,0.2,1.0,1.0,1.0
EQ-LEGAL-006,['POL-LEG-001:1.0:SEC-007:CHK-001'],"['POL-LEG-001:1.0:SEC-007:CHK-001', 'POL-LEG-001:1.0:SEC-005:CHK-001', 'POL-LEG-001:1.0:SEC-002:CHK-001', 'POL-LEG-001:1.0:SEC-004:CHK-001', 'POL-LEG-001:1.0:SEC-003:CHK-001']","[1.0, 0.5833334, 0.5833334, 0.34285715, 0.325]",55.89774899999611,3,0.2,1.0,1.0,1.0
EQ-COMP-001,['POL-COMP-001:1.0:SEC-002:CHK-001'],"['POL-COMP-001:1.0:SEC-002:CHK-001', 'POL-COMP-001:1.0:SEC-005:CHK-001', 'POL-COMP-001:1.0:SEC-004:CHK-001', 'POL-COMP-001:1.0:SEC-001:CHK-001', 'POL-COMP-001:1.0:SEC-003:CHK-001']","[1.0, 0.6666667, 0.45, 0.4166667, 0.325]",56.156049000037456,3,0.2,1.0,1.0,1.0
EQ-COMP-002,['POL-COMP-001:1.0:SEC-003:CHK-001'],"['POL-COMP-001:1.0:SEC-003:CHK-001', 'POL-COMP-001:1.0:SEC-005:CHK-001', 'POL-COMP-001:1.0:SEC-002:CHK-001', 'POL-COMP-001:1.0:SEC-004:CHK-001', 'POL-COMP-001:1.0:SEC-007:CHK-001']","[0.8333334, 0.7, 0.5, 0.4761905, 0.34285715]",59.83215200012637,3,0.2,1.0,1.0,1.0
EQ-COMP-003,['POL-COMP-001:1.0:SEC-004:CHK-001'],"['POL-COMP-001:1.0:SEC-004:CHK-001', 'POL-COMP-001:1.0:SEC-002:CHK-001', 'POL-COMP-001:1.0:SEC-003:CHK-001', 'POL-COMP-001:1.0:SEC-006:CHK-001', 'POL-COMP-001:1.0:SEC-005:CHK-001']","[1.0, 0.5833334, 0.53333336, 0.325, 0.25]",55.91594799989252,3,0.2,1.0,1.0,1.0
EQ-COMP-004,['POL-COMP-001:1.0:SEC-005:CHK-001'],"['POL-COMP-001:1.0:SEC-005:CHK-001', 'POL-COMP-001:1.0:SEC-004:CHK-001', 'POL-COMP-001:1.0:SEC-007:CHK-001', 'POL-COMP-001:1.0:SEC-006:CHK-001', 'POL-COMP-001:1.0:SEC-003:CHK-001']","[1.0, 0.53333336, 0.45833334, 0.4166667, 0.375]",55.78494800010958,3,0.2,1.0,1.0,1.0
EQ-COMP-005,['POL-COMP-001:1.0:SEC-006:CHK-001'],"['POL-COMP-001:1.0:SEC-006:CHK-001', 'POL-COMP-001:1.0:SEC-007:CHK-001', 'POL-COMP-001:1.0:SEC-005:CHK-001', 'POL-COMP-001:1.0:SEC-004:CHK-001', 'POL-COMP-001:1.0:SEC-001:CHK-001']","[1.0, 0.53333336, 0.4761905, 0.4166667, 0.375]",55.914048999966326,3,0.2,1.0,1.0,1.0
EQ-COMP-006,['POL-COMP-001:1.0:SEC-007:CHK-001'],"['POL-COMP-001:1.0:SEC-007:CHK-001', 'POL-COMP-001:1.0:SEC-004:CHK-001', 'POL-COMP-001:1.0:SEC-006:CHK-001', 'POL-COMP-001:1.0:SEC-005:CHK-001', 'POL-COMP-001:1.0:SEC-002:CHK-001']","[1.0, 0.5, 0.5, 0.45, 0.39285713]",56.18554900001982,3,0.2,1.0,1.0,1.0
